{"cameraMode":{"drawMode":0,"name":"Shaded","section":"Shading Mode"},"sceneLighting":true,"audioPlay":false,"sceneViewState":{"showFog":false,"showMaterialUpdate":false,"showSkybox":false,"showFlares":false,"showImageEffects":false,"showParticleSystems":false},"in2DMode":false,"pivot":{"x":-0.07567983865737915,"y":1.7005438804626465,"z":1.545273780822754},"rotation":{"x":-0.04978194087743759,"y":-0.01738041080534458,"z":0.0008666857029311359,"w":-0.9986141324043274},"size":16.888261795043947,"orthographic":false}